-- phpMyAdmin SQL Dump
-- version 5.0.2
-- https://www.phpmyadmin.net/
--
-- Хост: 127.0.0.1
-- Время создания: Май 30 2020 г., 04:12
-- Версия сервера: 10.4.11-MariaDB
-- Версия PHP: 7.4.4

SET SQL_MODE = "NO_AUTO_VALUE_ON_ZERO";
START TRANSACTION;
SET time_zone = "+00:00";


/*!40101 SET @OLD_CHARACTER_SET_CLIENT=@@CHARACTER_SET_CLIENT */;
/*!40101 SET @OLD_CHARACTER_SET_RESULTS=@@CHARACTER_SET_RESULTS */;
/*!40101 SET @OLD_COLLATION_CONNECTION=@@COLLATION_CONNECTION */;
/*!40101 SET NAMES utf8mb4 */;

--
-- База данных: `course`
--

-- --------------------------------------------------------

--
-- Структура таблицы `categories`
--

CREATE TABLE `categories` (
  `id` int(11) NOT NULL,
  `category_name` varchar(255) DEFAULT NULL
) ENGINE=InnoDB DEFAULT CHARSET=utf8mb4;

--
-- Дамп данных таблицы `categories`
--

INSERT INTO `categories` (`id`, `category_name`) VALUES
(1, 'Cережки'),
(2, 'Підвіска'),
(3, 'Каблучка');

-- --------------------------------------------------------

--
-- Структура таблицы `items`
--

CREATE TABLE `items` (
  `id` int(11) NOT NULL,
  `img` varchar(255) NOT NULL,
  `size` varchar(255) DEFAULT NULL,
  `furniture` varchar(255) DEFAULT NULL,
  `howtouse` text DEFAULT NULL,
  `category_id` int(11) DEFAULT NULL,
  `season_id` int(11) DEFAULT NULL,
  `price` varchar(255) DEFAULT NULL,
  `rand_id` int(11) DEFAULT NULL
) ENGINE=InnoDB DEFAULT CHARSET=utf8mb4;

--
-- Дамп данных таблицы `items`
--

INSERT INTO `items` (`id`, `img`, `size`, `furniture`, `howtouse`, `category_id`, `season_id`, `price`, `rand_id`) VALUES
(73, 'earrings/1.jpg', '25x17mm', 'медична (гіпоалергенна) сталь, срібло або сріблення.', 'Щоб прикраси збереглися якомога довше, дотримуйте інструкції:Зберігайте прикраси в сухому і темному місціЗнімайте прикраси перед сномЗберігайте прикраси окремо від прикрасз металевими елементами\r\nЗнімайте прикраси перед відвідуванням душа / ванни\r\nДля того, щоб прикраси зберігали яскравість довгий час, протирайте їх мікрофіброю', 1, 1, '42', 64),
(74, 'necklace/1.jpg', '25x17mm', 'медична (гіпоалергенна) сталь, срібло або сріблення.', 'Щоб прикраси збереглися якомога довше, дотримуйте інструкції:Зберігайте прикраси в сухому і темному місціЗнімайте прикраси перед сномЗберігайте прикраси окремо від прикрасз металевими елементами\r\nЗнімайте прикраси перед відвідуванням душа / ванни\r\nДля того, щоб прикраси зберігали яскравість довгий час, протирайте їх мікрофіброю', 2, 1, '44', 38),
(75, 'rings/1.jpg', '25x17mm', 'медична (гіпоалергенна) сталь, срібло або сріблення.', 'Щоб прикраси збереглися якомога довше, дотримуйте інструкції:Зберігайте прикраси в сухому і темному місціЗнімайте прикраси перед сномЗберігайте прикраси окремо від прикрасз металевими елементами\r\nЗнімайте прикраси перед відвідуванням душа / ванни\r\nДля того, щоб прикраси зберігали яскравість довгий час, протирайте їх мікрофіброю', 3, 1, '39', 20),
(76, 'earrings/2.jpg', '25x17mm', 'медична (гіпоалергенна) сталь, срібло або сріблення.', 'Щоб прикраси збереглися якомога довше, дотримуйте інструкції:Зберігайте прикраси в сухому і темному місціЗнімайте прикраси перед сномЗберігайте прикраси окремо від прикрасз металевими елементами\r\nЗнімайте прикраси перед відвідуванням душа / ванни\r\nДля того, щоб прикраси зберігали яскравість довгий час, протирайте їх мікрофіброю', 1, 1, '50', 95),
(77, 'necklace/2.jpg', '25x17mm', 'медична (гіпоалергенна) сталь, срібло або сріблення.', 'Щоб прикраси збереглися якомога довше, дотримуйте інструкції:Зберігайте прикраси в сухому і темному місціЗнімайте прикраси перед сномЗберігайте прикраси окремо від прикрасз металевими елементами\r\nЗнімайте прикраси перед відвідуванням душа / ванни\r\nДля того, щоб прикраси зберігали яскравість довгий час, протирайте їх мікрофіброю', 2, 1, '39', 77),
(78, 'rings/2.jpg', '25x17mm', 'медична (гіпоалергенна) сталь, срібло або сріблення.', 'Щоб прикраси збереглися якомога довше, дотримуйте інструкції:Зберігайте прикраси в сухому і темному місціЗнімайте прикраси перед сномЗберігайте прикраси окремо від прикрасз металевими елементами\r\nЗнімайте прикраси перед відвідуванням душа / ванни\r\nДля того, щоб прикраси зберігали яскравість довгий час, протирайте їх мікрофіброю', 3, 1, '30', 32),
(79, 'earrings/3.jpg', '25x17mm', 'медична (гіпоалергенна) сталь, срібло або сріблення.', 'Щоб прикраси збереглися якомога довше, дотримуйте інструкції:Зберігайте прикраси в сухому і темному місціЗнімайте прикраси перед сномЗберігайте прикраси окремо від прикрасз металевими елементами\r\nЗнімайте прикраси перед відвідуванням душа / ванни\r\nДля того, щоб прикраси зберігали яскравість довгий час, протирайте їх мікрофіброю', 1, 1, '19', 91),
(80, 'necklace/3.jpg', '25x17mm', 'медична (гіпоалергенна) сталь, срібло або сріблення.', 'Щоб прикраси збереглися якомога довше, дотримуйте інструкції:Зберігайте прикраси в сухому і темному місціЗнімайте прикраси перед сномЗберігайте прикраси окремо від прикрасз металевими елементами\r\nЗнімайте прикраси перед відвідуванням душа / ванни\r\nДля того, щоб прикраси зберігали яскравість довгий час, протирайте їх мікрофіброю', 2, 1, '30', 69),
(81, 'rings/3.jpg', '25x17mm', 'медична (гіпоалергенна) сталь, срібло або сріблення.', 'Щоб прикраси збереглися якомога довше, дотримуйте інструкції:Зберігайте прикраси в сухому і темному місціЗнімайте прикраси перед сномЗберігайте прикраси окремо від прикрасз металевими елементами\r\nЗнімайте прикраси перед відвідуванням душа / ванни\r\nДля того, щоб прикраси зберігали яскравість довгий час, протирайте їх мікрофіброю', 3, 1, '37', 47),
(82, 'earrings/4.jpg', '25x17mm', 'медична (гіпоалергенна) сталь, срібло або сріблення.', 'Щоб прикраси збереглися якомога довше, дотримуйте інструкції:Зберігайте прикраси в сухому і темному місціЗнімайте прикраси перед сномЗберігайте прикраси окремо від прикрасз металевими елементами\r\nЗнімайте прикраси перед відвідуванням душа / ванни\r\nДля того, щоб прикраси зберігали яскравість довгий час, протирайте їх мікрофіброю', 1, 1, '42', 97),
(83, 'necklace/4.jpg', '25x17mm', 'медична (гіпоалергенна) сталь, срібло або сріблення.', 'Щоб прикраси збереглися якомога довше, дотримуйте інструкції:Зберігайте прикраси в сухому і темному місціЗнімайте прикраси перед сномЗберігайте прикраси окремо від прикрасз металевими елементами\r\nЗнімайте прикраси перед відвідуванням душа / ванни\r\nДля того, щоб прикраси зберігали яскравість довгий час, протирайте їх мікрофіброю', 2, 1, '46', 69),
(84, 'rings/4.jpg', '25x17mm', 'медична (гіпоалергенна) сталь, срібло або сріблення.', 'Щоб прикраси збереглися якомога довше, дотримуйте інструкції:Зберігайте прикраси в сухому і темному місціЗнімайте прикраси перед сномЗберігайте прикраси окремо від прикрасз металевими елементами\r\nЗнімайте прикраси перед відвідуванням душа / ванни\r\nДля того, щоб прикраси зберігали яскравість довгий час, протирайте їх мікрофіброю', 3, 1, '48', 53),
(85, 'earrings/5.jpg', '25x17mm', 'медична (гіпоалергенна) сталь, срібло або сріблення.', 'Щоб прикраси збереглися якомога довше, дотримуйте інструкції:Зберігайте прикраси в сухому і темному місціЗнімайте прикраси перед сномЗберігайте прикраси окремо від прикрасз металевими елементами\r\nЗнімайте прикраси перед відвідуванням душа / ванни\r\nДля того, щоб прикраси зберігали яскравість довгий час, протирайте їх мікрофіброю', 1, 1, '47', 96),
(86, 'necklace/5.png', '25x17mm', 'медична (гіпоалергенна) сталь, срібло або сріблення.', 'Щоб прикраси збереглися якомога довше, дотримуйте інструкції:Зберігайте прикраси в сухому і темному місціЗнімайте прикраси перед сномЗберігайте прикраси окремо від прикрасз металевими елементами\r\nЗнімайте прикраси перед відвідуванням душа / ванни\r\nДля того, щоб прикраси зберігали яскравість довгий час, протирайте їх мікрофіброю', 2, 1, '36', 53),
(87, 'rings/5.jpg', '25x17mm', 'медична (гіпоалергенна) сталь, срібло або сріблення.', 'Щоб прикраси збереглися якомога довше, дотримуйте інструкції:Зберігайте прикраси в сухому і темному місціЗнімайте прикраси перед сномЗберігайте прикраси окремо від прикрасз металевими елементами\r\nЗнімайте прикраси перед відвідуванням душа / ванни\r\nДля того, щоб прикраси зберігали яскравість довгий час, протирайте їх мікрофіброю', 3, 1, '25', 98),
(88, 'earrings/6.jpg', '25x17mm', 'медична (гіпоалергенна) сталь, срібло або сріблення.', 'Щоб прикраси збереглися якомога довше, дотримуйте інструкції:Зберігайте прикраси в сухому і темному місціЗнімайте прикраси перед сномЗберігайте прикраси окремо від прикрасз металевими елементами\r\nЗнімайте прикраси перед відвідуванням душа / ванни\r\nДля того, щоб прикраси зберігали яскравість довгий час, протирайте їх мікрофіброю', 1, 1, '44', 4),
(89, 'necklace/6.png', '25x17mm', 'медична (гіпоалергенна) сталь, срібло або сріблення.', 'Щоб прикраси збереглися якомога довше, дотримуйте інструкції:Зберігайте прикраси в сухому і темному місціЗнімайте прикраси перед сномЗберігайте прикраси окремо від прикрасз металевими елементами\r\nЗнімайте прикраси перед відвідуванням душа / ванни\r\nДля того, щоб прикраси зберігали яскравість довгий час, протирайте їх мікрофіброю', 2, 1, '49', 40),
(90, 'rings/6.jpg', '25x17mm', 'медична (гіпоалергенна) сталь, срібло або сріблення.', 'Щоб прикраси збереглися якомога довше, дотримуйте інструкції:Зберігайте прикраси в сухому і темному місціЗнімайте прикраси перед сномЗберігайте прикраси окремо від прикрасз металевими елементами\r\nЗнімайте прикраси перед відвідуванням душа / ванни\r\nДля того, щоб прикраси зберігали яскравість довгий час, протирайте їх мікрофіброю', 3, 1, '21', 49),
(91, 'earrings/7.jpg', '25x17mm', 'медична (гіпоалергенна) сталь, срібло або сріблення.', 'Щоб прикраси збереглися якомога довше, дотримуйте інструкції:Зберігайте прикраси в сухому і темному місціЗнімайте прикраси перед сномЗберігайте прикраси окремо від прикрасз металевими елементами\r\nЗнімайте прикраси перед відвідуванням душа / ванни\r\nДля того, щоб прикраси зберігали яскравість довгий час, протирайте їх мікрофіброю', 1, 1, '21', 47),
(92, 'necklace/7.png', '25x17mm', 'медична (гіпоалергенна) сталь, срібло або сріблення.', 'Щоб прикраси збереглися якомога довше, дотримуйте інструкції:Зберігайте прикраси в сухому і темному місціЗнімайте прикраси перед сномЗберігайте прикраси окремо від прикрасз металевими елементами\r\nЗнімайте прикраси перед відвідуванням душа / ванни\r\nДля того, щоб прикраси зберігали яскравість довгий час, протирайте їх мікрофіброю', 2, 1, '27', 43),
(93, 'rings/7.png', '25x17mm', 'медична (гіпоалергенна) сталь, срібло або сріблення.', 'Щоб прикраси збереглися якомога довше, дотримуйте інструкції:Зберігайте прикраси в сухому і темному місціЗнімайте прикраси перед сномЗберігайте прикраси окремо від прикрасз металевими елементами\r\nЗнімайте прикраси перед відвідуванням душа / ванни\r\nДля того, щоб прикраси зберігали яскравість довгий час, протирайте їх мікрофіброю', 3, 1, '20', 23),
(94, 'earrings/8.jpg', '25x17mm', 'медична (гіпоалергенна) сталь, срібло або сріблення.', 'Щоб прикраси збереглися якомога довше, дотримуйте інструкції:Зберігайте прикраси в сухому і темному місціЗнімайте прикраси перед сномЗберігайте прикраси окремо від прикрасз металевими елементами\r\nЗнімайте прикраси перед відвідуванням душа / ванни\r\nДля того, щоб прикраси зберігали яскравість довгий час, протирайте їх мікрофіброю', 1, 1, '42', 53),
(95, 'necklace/8.png', '25x17mm', 'медична (гіпоалергенна) сталь, срібло або сріблення.', 'Щоб прикраси збереглися якомога довше, дотримуйте інструкції:Зберігайте прикраси в сухому і темному місціЗнімайте прикраси перед сномЗберігайте прикраси окремо від прикрасз металевими елементами\r\nЗнімайте прикраси перед відвідуванням душа / ванни\r\nДля того, щоб прикраси зберігали яскравість довгий час, протирайте їх мікрофіброю', 2, 1, '16', 11),
(96, 'rings/8.jpg', '25x17mm', 'медична (гіпоалергенна) сталь, срібло або сріблення.', 'Щоб прикраси збереглися якомога довше, дотримуйте інструкції:Зберігайте прикраси в сухому і темному місціЗнімайте прикраси перед сномЗберігайте прикраси окремо від прикрасз металевими елементами\r\nЗнімайте прикраси перед відвідуванням душа / ванни\r\nДля того, щоб прикраси зберігали яскравість довгий час, протирайте їх мікрофіброю', 3, 1, '18', 91),
(97, 'earrings/1.jpg', '25x17mm', 'медична (гіпоалергенна) сталь, срібло або сріблення.', 'Щоб прикраси збереглися якомога довше, дотримуйте інструкції:Зберігайте прикраси в сухому і темному місціЗнімайте прикраси перед сномЗберігайте прикраси окремо від прикрасз металевими елементами\r\nЗнімайте прикраси перед відвідуванням душа / ванни\r\nДля того, щоб прикраси зберігали яскравість довгий час, протирайте їх мікрофіброю', 1, 2, '30', 91),
(98, 'necklace/1.jpg', '25x17mm', 'медична (гіпоалергенна) сталь, срібло або сріблення.', 'Щоб прикраси збереглися якомога довше, дотримуйте інструкції:Зберігайте прикраси в сухому і темному місціЗнімайте прикраси перед сномЗберігайте прикраси окремо від прикрасз металевими елементами\r\nЗнімайте прикраси перед відвідуванням душа / ванни\r\nДля того, щоб прикраси зберігали яскравість довгий час, протирайте їх мікрофіброю', 2, 2, '41', 22),
(99, 'rings/1.jpg', '25x17mm', 'медична (гіпоалергенна) сталь, срібло або сріблення.', 'Щоб прикраси збереглися якомога довше, дотримуйте інструкції:Зберігайте прикраси в сухому і темному місціЗнімайте прикраси перед сномЗберігайте прикраси окремо від прикрасз металевими елементами\r\nЗнімайте прикраси перед відвідуванням душа / ванни\r\nДля того, щоб прикраси зберігали яскравість довгий час, протирайте їх мікрофіброю', 3, 2, '22', 48),
(100, 'earrings/2.jpg', '25x17mm', 'медична (гіпоалергенна) сталь, срібло або сріблення.', 'Щоб прикраси збереглися якомога довше, дотримуйте інструкції:Зберігайте прикраси в сухому і темному місціЗнімайте прикраси перед сномЗберігайте прикраси окремо від прикрасз металевими елементами\r\nЗнімайте прикраси перед відвідуванням душа / ванни\r\nДля того, щоб прикраси зберігали яскравість довгий час, протирайте їх мікрофіброю', 1, 2, '52', 75),
(101, 'necklace/2.jpg', '25x17mm', 'медична (гіпоалергенна) сталь, срібло або сріблення.', 'Щоб прикраси збереглися якомога довше, дотримуйте інструкції:Зберігайте прикраси в сухому і темному місціЗнімайте прикраси перед сномЗберігайте прикраси окремо від прикрасз металевими елементами\r\nЗнімайте прикраси перед відвідуванням душа / ванни\r\nДля того, щоб прикраси зберігали яскравість довгий час, протирайте їх мікрофіброю', 2, 2, '17', 59),
(102, 'rings/2.jpg', '25x17mm', 'медична (гіпоалергенна) сталь, срібло або сріблення.', 'Щоб прикраси збереглися якомога довше, дотримуйте інструкції:Зберігайте прикраси в сухому і темному місціЗнімайте прикраси перед сномЗберігайте прикраси окремо від прикрасз металевими елементами\r\nЗнімайте прикраси перед відвідуванням душа / ванни\r\nДля того, щоб прикраси зберігали яскравість довгий час, протирайте їх мікрофіброю', 3, 2, '36', 75),
(103, 'earrings/3.jpg', '25x17mm', 'медична (гіпоалергенна) сталь, срібло або сріблення.', 'Щоб прикраси збереглися якомога довше, дотримуйте інструкції:Зберігайте прикраси в сухому і темному місціЗнімайте прикраси перед сномЗберігайте прикраси окремо від прикрасз металевими елементами\r\nЗнімайте прикраси перед відвідуванням душа / ванни\r\nДля того, щоб прикраси зберігали яскравість довгий час, протирайте їх мікрофіброю', 1, 2, '35', 77),
(104, 'necklace/3.jpg', '25x17mm', 'медична (гіпоалергенна) сталь, срібло або сріблення.', 'Щоб прикраси збереглися якомога довше, дотримуйте інструкції:Зберігайте прикраси в сухому і темному місціЗнімайте прикраси перед сномЗберігайте прикраси окремо від прикрасз металевими елементами\r\nЗнімайте прикраси перед відвідуванням душа / ванни\r\nДля того, щоб прикраси зберігали яскравість довгий час, протирайте їх мікрофіброю', 2, 2, '51', 56),
(105, 'rings/3.jpg', '25x17mm', 'медична (гіпоалергенна) сталь, срібло або сріблення.', 'Щоб прикраси збереглися якомога довше, дотримуйте інструкції:Зберігайте прикраси в сухому і темному місціЗнімайте прикраси перед сномЗберігайте прикраси окремо від прикрасз металевими елементами\r\nЗнімайте прикраси перед відвідуванням душа / ванни\r\nДля того, щоб прикраси зберігали яскравість довгий час, протирайте їх мікрофіброю', 3, 2, '15', 51),
(106, 'earrings/4.jpg', '25x17mm', 'медична (гіпоалергенна) сталь, срібло або сріблення.', 'Щоб прикраси збереглися якомога довше, дотримуйте інструкції:Зберігайте прикраси в сухому і темному місціЗнімайте прикраси перед сномЗберігайте прикраси окремо від прикрасз металевими елементами\r\nЗнімайте прикраси перед відвідуванням душа / ванни\r\nДля того, щоб прикраси зберігали яскравість довгий час, протирайте їх мікрофіброю', 1, 2, '28', 23),
(107, 'necklace/4.jpg', '25x17mm', 'медична (гіпоалергенна) сталь, срібло або сріблення.', 'Щоб прикраси збереглися якомога довше, дотримуйте інструкції:Зберігайте прикраси в сухому і темному місціЗнімайте прикраси перед сномЗберігайте прикраси окремо від прикрасз металевими елементами\r\nЗнімайте прикраси перед відвідуванням душа / ванни\r\nДля того, щоб прикраси зберігали яскравість довгий час, протирайте їх мікрофіброю', 2, 2, '41', 5),
(108, 'rings/4.jpg', '25x17mm', 'медична (гіпоалергенна) сталь, срібло або сріблення.', 'Щоб прикраси збереглися якомога довше, дотримуйте інструкції:Зберігайте прикраси в сухому і темному місціЗнімайте прикраси перед сномЗберігайте прикраси окремо від прикрасз металевими елементами\r\nЗнімайте прикраси перед відвідуванням душа / ванни\r\nДля того, щоб прикраси зберігали яскравість довгий час, протирайте їх мікрофіброю', 3, 2, '24', 38),
(109, 'earrings/5.jpg', '25x17mm', 'медична (гіпоалергенна) сталь, срібло або сріблення.', 'Щоб прикраси збереглися якомога довше, дотримуйте інструкції:Зберігайте прикраси в сухому і темному місціЗнімайте прикраси перед сномЗберігайте прикраси окремо від прикрасз металевими елементами\r\nЗнімайте прикраси перед відвідуванням душа / ванни\r\nДля того, щоб прикраси зберігали яскравість довгий час, протирайте їх мікрофіброю', 1, 2, '26', 45),
(110, 'necklace/5.png', '25x17mm', 'медична (гіпоалергенна) сталь, срібло або сріблення.', 'Щоб прикраси збереглися якомога довше, дотримуйте інструкції:Зберігайте прикраси в сухому і темному місціЗнімайте прикраси перед сномЗберігайте прикраси окремо від прикрасз металевими елементами\r\nЗнімайте прикраси перед відвідуванням душа / ванни\r\nДля того, щоб прикраси зберігали яскравість довгий час, протирайте їх мікрофіброю', 2, 2, '41', 40),
(111, 'rings/5.jpg', '25x17mm', 'медична (гіпоалергенна) сталь, срібло або сріблення.', 'Щоб прикраси збереглися якомога довше, дотримуйте інструкції:Зберігайте прикраси в сухому і темному місціЗнімайте прикраси перед сномЗберігайте прикраси окремо від прикрасз металевими елементами\r\nЗнімайте прикраси перед відвідуванням душа / ванни\r\nДля того, щоб прикраси зберігали яскравість довгий час, протирайте їх мікрофіброю', 3, 2, '33', 96),
(112, 'earrings/6.jpg', '25x17mm', 'медична (гіпоалергенна) сталь, срібло або сріблення.', 'Щоб прикраси збереглися якомога довше, дотримуйте інструкції:Зберігайте прикраси в сухому і темному місціЗнімайте прикраси перед сномЗберігайте прикраси окремо від прикрасз металевими елементами\r\nЗнімайте прикраси перед відвідуванням душа / ванни\r\nДля того, щоб прикраси зберігали яскравість довгий час, протирайте їх мікрофіброю', 1, 2, '27', 69),
(113, 'necklace/6.png', '25x17mm', 'медична (гіпоалергенна) сталь, срібло або сріблення.', 'Щоб прикраси збереглися якомога довше, дотримуйте інструкції:Зберігайте прикраси в сухому і темному місціЗнімайте прикраси перед сномЗберігайте прикраси окремо від прикрасз металевими елементами\r\nЗнімайте прикраси перед відвідуванням душа / ванни\r\nДля того, щоб прикраси зберігали яскравість довгий час, протирайте їх мікрофіброю', 2, 2, '23', 93),
(114, 'rings/6.jpg', '25x17mm', 'медична (гіпоалергенна) сталь, срібло або сріблення.', 'Щоб прикраси збереглися якомога довше, дотримуйте інструкції:Зберігайте прикраси в сухому і темному місціЗнімайте прикраси перед сномЗберігайте прикраси окремо від прикрасз металевими елементами\r\nЗнімайте прикраси перед відвідуванням душа / ванни\r\nДля того, щоб прикраси зберігали яскравість довгий час, протирайте їх мікрофіброю', 3, 2, '20', 4),
(115, 'earrings/7.jpg', '25x17mm', 'медична (гіпоалергенна) сталь, срібло або сріблення.', 'Щоб прикраси збереглися якомога довше, дотримуйте інструкції:Зберігайте прикраси в сухому і темному місціЗнімайте прикраси перед сномЗберігайте прикраси окремо від прикрасз металевими елементами\r\nЗнімайте прикраси перед відвідуванням душа / ванни\r\nДля того, щоб прикраси зберігали яскравість довгий час, протирайте їх мікрофіброю', 1, 2, '15', 87),
(116, 'necklace/7.png', '25x17mm', 'медична (гіпоалергенна) сталь, срібло або сріблення.', 'Щоб прикраси збереглися якомога довше, дотримуйте інструкції:Зберігайте прикраси в сухому і темному місціЗнімайте прикраси перед сномЗберігайте прикраси окремо від прикрасз металевими елементами\r\nЗнімайте прикраси перед відвідуванням душа / ванни\r\nДля того, щоб прикраси зберігали яскравість довгий час, протирайте їх мікрофіброю', 2, 2, '41', 59),
(117, 'rings/7.png', '25x17mm', 'медична (гіпоалергенна) сталь, срібло або сріблення.', 'Щоб прикраси збереглися якомога довше, дотримуйте інструкції:Зберігайте прикраси в сухому і темному місціЗнімайте прикраси перед сномЗберігайте прикраси окремо від прикрасз металевими елементами\r\nЗнімайте прикраси перед відвідуванням душа / ванни\r\nДля того, щоб прикраси зберігали яскравість довгий час, протирайте їх мікрофіброю', 3, 2, '24', 13),
(118, 'earrings/8.jpg', '25x17mm', 'медична (гіпоалергенна) сталь, срібло або сріблення.', 'Щоб прикраси збереглися якомога довше, дотримуйте інструкції:Зберігайте прикраси в сухому і темному місціЗнімайте прикраси перед сномЗберігайте прикраси окремо від прикрасз металевими елементами\r\nЗнімайте прикраси перед відвідуванням душа / ванни\r\nДля того, щоб прикраси зберігали яскравість довгий час, протирайте їх мікрофіброю', 1, 2, '24', 3),
(119, 'necklace/8.png', '25x17mm', 'медична (гіпоалергенна) сталь, срібло або сріблення.', 'Щоб прикраси збереглися якомога довше, дотримуйте інструкції:Зберігайте прикраси в сухому і темному місціЗнімайте прикраси перед сномЗберігайте прикраси окремо від прикрасз металевими елементами\r\nЗнімайте прикраси перед відвідуванням душа / ванни\r\nДля того, щоб прикраси зберігали яскравість довгий час, протирайте їх мікрофіброю', 2, 2, '32', 77),
(120, 'rings/8.jpg', '25x17mm', 'медична (гіпоалергенна) сталь, срібло або сріблення.', 'Щоб прикраси збереглися якомога довше, дотримуйте інструкції:Зберігайте прикраси в сухому і темному місціЗнімайте прикраси перед сномЗберігайте прикраси окремо від прикрасз металевими елементами\r\nЗнімайте прикраси перед відвідуванням душа / ванни\r\nДля того, щоб прикраси зберігали яскравість довгий час, протирайте їх мікрофіброю', 3, 2, '32', 57),
(121, 'earrings/1.jpg', '25x17mm', 'медична (гіпоалергенна) сталь, срібло або сріблення.', 'Щоб прикраси збереглися якомога довше, дотримуйте інструкції:Зберігайте прикраси в сухому і темному місціЗнімайте прикраси перед сномЗберігайте прикраси окремо від прикрасз металевими елементами\r\nЗнімайте прикраси перед відвідуванням душа / ванни\r\nДля того, щоб прикраси зберігали яскравість довгий час, протирайте їх мікрофіброю', 1, 3, '53', 56),
(122, 'necklace/1.jpg', '25x17mm', 'медична (гіпоалергенна) сталь, срібло або сріблення.', 'Щоб прикраси збереглися якомога довше, дотримуйте інструкції:Зберігайте прикраси в сухому і темному місціЗнімайте прикраси перед сномЗберігайте прикраси окремо від прикрасз металевими елементами\r\nЗнімайте прикраси перед відвідуванням душа / ванни\r\nДля того, щоб прикраси зберігали яскравість довгий час, протирайте їх мікрофіброю', 2, 3, '33', 32),
(123, 'rings/1.jpg', '25x17mm', 'медична (гіпоалергенна) сталь, срібло або сріблення.', 'Щоб прикраси збереглися якомога довше, дотримуйте інструкції:Зберігайте прикраси в сухому і темному місціЗнімайте прикраси перед сномЗберігайте прикраси окремо від прикрасз металевими елементами\r\nЗнімайте прикраси перед відвідуванням душа / ванни\r\nДля того, щоб прикраси зберігали яскравість довгий час, протирайте їх мікрофіброю', 3, 3, '32', 90),
(124, 'earrings/2.jpg', '25x17mm', 'медична (гіпоалергенна) сталь, срібло або сріблення.', 'Щоб прикраси збереглися якомога довше, дотримуйте інструкції:Зберігайте прикраси в сухому і темному місціЗнімайте прикраси перед сномЗберігайте прикраси окремо від прикрасз металевими елементами\r\nЗнімайте прикраси перед відвідуванням душа / ванни\r\nДля того, щоб прикраси зберігали яскравість довгий час, протирайте їх мікрофіброю', 1, 3, '45', 84),
(125, 'necklace/2.jpg', '25x17mm', 'медична (гіпоалергенна) сталь, срібло або сріблення.', 'Щоб прикраси збереглися якомога довше, дотримуйте інструкції:Зберігайте прикраси в сухому і темному місціЗнімайте прикраси перед сномЗберігайте прикраси окремо від прикрасз металевими елементами\r\nЗнімайте прикраси перед відвідуванням душа / ванни\r\nДля того, щоб прикраси зберігали яскравість довгий час, протирайте їх мікрофіброю', 2, 3, '34', 19),
(126, 'rings/2.jpg', '25x17mm', 'медична (гіпоалергенна) сталь, срібло або сріблення.', 'Щоб прикраси збереглися якомога довше, дотримуйте інструкції:Зберігайте прикраси в сухому і темному місціЗнімайте прикраси перед сномЗберігайте прикраси окремо від прикрасз металевими елементами\r\nЗнімайте прикраси перед відвідуванням душа / ванни\r\nДля того, щоб прикраси зберігали яскравість довгий час, протирайте їх мікрофіброю', 3, 3, '21', 57),
(127, 'earrings/3.jpg', '25x17mm', 'медична (гіпоалергенна) сталь, срібло або сріблення.', 'Щоб прикраси збереглися якомога довше, дотримуйте інструкції:Зберігайте прикраси в сухому і темному місціЗнімайте прикраси перед сномЗберігайте прикраси окремо від прикрасз металевими елементами\r\nЗнімайте прикраси перед відвідуванням душа / ванни\r\nДля того, щоб прикраси зберігали яскравість довгий час, протирайте їх мікрофіброю', 1, 3, '31', 1),
(128, 'necklace/3.jpg', '25x17mm', 'медична (гіпоалергенна) сталь, срібло або сріблення.', 'Щоб прикраси збереглися якомога довше, дотримуйте інструкції:Зберігайте прикраси в сухому і темному місціЗнімайте прикраси перед сномЗберігайте прикраси окремо від прикрасз металевими елементами\r\nЗнімайте прикраси перед відвідуванням душа / ванни\r\nДля того, щоб прикраси зберігали яскравість довгий час, протирайте їх мікрофіброю', 2, 3, '35', 0),
(129, 'rings/3.jpg', '25x17mm', 'медична (гіпоалергенна) сталь, срібло або сріблення.', 'Щоб прикраси збереглися якомога довше, дотримуйте інструкції:Зберігайте прикраси в сухому і темному місціЗнімайте прикраси перед сномЗберігайте прикраси окремо від прикрасз металевими елементами\r\nЗнімайте прикраси перед відвідуванням душа / ванни\r\nДля того, щоб прикраси зберігали яскравість довгий час, протирайте їх мікрофіброю', 3, 3, '27', 84),
(130, 'earrings/4.jpg', '25x17mm', 'медична (гіпоалергенна) сталь, срібло або сріблення.', 'Щоб прикраси збереглися якомога довше, дотримуйте інструкції:Зберігайте прикраси в сухому і темному місціЗнімайте прикраси перед сномЗберігайте прикраси окремо від прикрасз металевими елементами\r\nЗнімайте прикраси перед відвідуванням душа / ванни\r\nДля того, щоб прикраси зберігали яскравість довгий час, протирайте їх мікрофіброю', 1, 3, '18', 96),
(131, 'necklace/4.jpg', '25x17mm', 'медична (гіпоалергенна) сталь, срібло або сріблення.', 'Щоб прикраси збереглися якомога довше, дотримуйте інструкції:Зберігайте прикраси в сухому і темному місціЗнімайте прикраси перед сномЗберігайте прикраси окремо від прикрасз металевими елементами\r\nЗнімайте прикраси перед відвідуванням душа / ванни\r\nДля того, щоб прикраси зберігали яскравість довгий час, протирайте їх мікрофіброю', 2, 3, '33', 95),
(132, 'rings/4.jpg', '25x17mm', 'медична (гіпоалергенна) сталь, срібло або сріблення.', 'Щоб прикраси збереглися якомога довше, дотримуйте інструкції:Зберігайте прикраси в сухому і темному місціЗнімайте прикраси перед сномЗберігайте прикраси окремо від прикрасз металевими елементами\r\nЗнімайте прикраси перед відвідуванням душа / ванни\r\nДля того, щоб прикраси зберігали яскравість довгий час, протирайте їх мікрофіброю', 3, 3, '17', 84),
(133, 'earrings/5.jpg', '25x17mm', 'медична (гіпоалергенна) сталь, срібло або сріблення.', 'Щоб прикраси збереглися якомога довше, дотримуйте інструкції:Зберігайте прикраси в сухому і темному місціЗнімайте прикраси перед сномЗберігайте прикраси окремо від прикрасз металевими елементами\r\nЗнімайте прикраси перед відвідуванням душа / ванни\r\nДля того, щоб прикраси зберігали яскравість довгий час, протирайте їх мікрофіброю', 1, 3, '52', 64),
(134, 'necklace/5.png', '25x17mm', 'медична (гіпоалергенна) сталь, срібло або сріблення.', 'Щоб прикраси збереглися якомога довше, дотримуйте інструкції:Зберігайте прикраси в сухому і темному місціЗнімайте прикраси перед сномЗберігайте прикраси окремо від прикрасз металевими елементами\r\nЗнімайте прикраси перед відвідуванням душа / ванни\r\nДля того, щоб прикраси зберігали яскравість довгий час, протирайте їх мікрофіброю', 2, 3, '36', 3),
(135, 'rings/5.jpg', '25x17mm', 'медична (гіпоалергенна) сталь, срібло або сріблення.', 'Щоб прикраси збереглися якомога довше, дотримуйте інструкції:Зберігайте прикраси в сухому і темному місціЗнімайте прикраси перед сномЗберігайте прикраси окремо від прикрасз металевими елементами\r\nЗнімайте прикраси перед відвідуванням душа / ванни\r\nДля того, щоб прикраси зберігали яскравість довгий час, протирайте їх мікрофіброю', 3, 3, '47', 12),
(136, 'earrings/6.jpg', '25x17mm', 'медична (гіпоалергенна) сталь, срібло або сріблення.', 'Щоб прикраси збереглися якомога довше, дотримуйте інструкції:Зберігайте прикраси в сухому і темному місціЗнімайте прикраси перед сномЗберігайте прикраси окремо від прикрасз металевими елементами\r\nЗнімайте прикраси перед відвідуванням душа / ванни\r\nДля того, щоб прикраси зберігали яскравість довгий час, протирайте їх мікрофіброю', 1, 3, '34', 91),
(137, 'necklace/6.png', '25x17mm', 'медична (гіпоалергенна) сталь, срібло або сріблення.', 'Щоб прикраси збереглися якомога довше, дотримуйте інструкції:Зберігайте прикраси в сухому і темному місціЗнімайте прикраси перед сномЗберігайте прикраси окремо від прикрасз металевими елементами\r\nЗнімайте прикраси перед відвідуванням душа / ванни\r\nДля того, щоб прикраси зберігали яскравість довгий час, протирайте їх мікрофіброю', 2, 3, '54', 12),
(138, 'rings/6.jpg', '25x17mm', 'медична (гіпоалергенна) сталь, срібло або сріблення.', 'Щоб прикраси збереглися якомога довше, дотримуйте інструкції:Зберігайте прикраси в сухому і темному місціЗнімайте прикраси перед сномЗберігайте прикраси окремо від прикрасз металевими елементами\r\nЗнімайте прикраси перед відвідуванням душа / ванни\r\nДля того, щоб прикраси зберігали яскравість довгий час, протирайте їх мікрофіброю', 3, 3, '32', 76),
(139, 'earrings/7.jpg', '25x17mm', 'медична (гіпоалергенна) сталь, срібло або сріблення.', 'Щоб прикраси збереглися якомога довше, дотримуйте інструкції:Зберігайте прикраси в сухому і темному місціЗнімайте прикраси перед сномЗберігайте прикраси окремо від прикрасз металевими елементами\r\nЗнімайте прикраси перед відвідуванням душа / ванни\r\nДля того, щоб прикраси зберігали яскравість довгий час, протирайте їх мікрофіброю', 1, 3, '26', 80),
(140, 'necklace/7.png', '25x17mm', 'медична (гіпоалергенна) сталь, срібло або сріблення.', 'Щоб прикраси збереглися якомога довше, дотримуйте інструкції:Зберігайте прикраси в сухому і темному місціЗнімайте прикраси перед сномЗберігайте прикраси окремо від прикрасз металевими елементами\r\nЗнімайте прикраси перед відвідуванням душа / ванни\r\nДля того, щоб прикраси зберігали яскравість довгий час, протирайте їх мікрофіброю', 2, 3, '17', 59),
(141, 'rings/7.png', '25x17mm', 'медична (гіпоалергенна) сталь, срібло або сріблення.', 'Щоб прикраси збереглися якомога довше, дотримуйте інструкції:Зберігайте прикраси в сухому і темному місціЗнімайте прикраси перед сномЗберігайте прикраси окремо від прикрасз металевими елементами\r\nЗнімайте прикраси перед відвідуванням душа / ванни\r\nДля того, щоб прикраси зберігали яскравість довгий час, протирайте їх мікрофіброю', 3, 3, '34', 45),
(142, 'earrings/8.jpg', '25x17mm', 'медична (гіпоалергенна) сталь, срібло або сріблення.', 'Щоб прикраси збереглися якомога довше, дотримуйте інструкції:Зберігайте прикраси в сухому і темному місціЗнімайте прикраси перед сномЗберігайте прикраси окремо від прикрасз металевими елементами\r\nЗнімайте прикраси перед відвідуванням душа / ванни\r\nДля того, щоб прикраси зберігали яскравість довгий час, протирайте їх мікрофіброю', 1, 3, '24', 70),
(143, 'necklace/8.png', '25x17mm', 'медична (гіпоалергенна) сталь, срібло або сріблення.', 'Щоб прикраси збереглися якомога довше, дотримуйте інструкції:Зберігайте прикраси в сухому і темному місціЗнімайте прикраси перед сномЗберігайте прикраси окремо від прикрасз металевими елементами\r\nЗнімайте прикраси перед відвідуванням душа / ванни\r\nДля того, щоб прикраси зберігали яскравість довгий час, протирайте їх мікрофіброю', 2, 3, '44', 74),
(144, 'rings/8.jpg', '25x17mm', 'медична (гіпоалергенна) сталь, срібло або сріблення.', 'Щоб прикраси збереглися якомога довше, дотримуйте інструкції:Зберігайте прикраси в сухому і темному місціЗнімайте прикраси перед сномЗберігайте прикраси окремо від прикрасз металевими елементами\r\nЗнімайте прикраси перед відвідуванням душа / ванни\r\nДля того, щоб прикраси зберігали яскравість довгий час, протирайте їх мікрофіброю', 3, 3, '54', 34),
(145, 'earrings/8.jpg', '25x17mm', 'медична (гіпоалергенна) сталь, срібло або сріблення.', 'Щоб прикраси збереглися якомога довше, дотримуйте інструкції:Зберігайте прикраси в сухому і темному місціЗнімайте прикраси перед сномЗберігайте прикраси окремо від прикрасз металевими елементами\r\nЗнімайте прикраси перед відвідуванням душа / ванни\r\nДля того, щоб прикраси зберігали яскравість довгий час, протирайте їх мікрофіброю', 1, 3, '43', 80),
(146, 'necklace/8.png', '25x17mm', 'медична (гіпоалергенна) сталь, срібло або сріблення.', 'Щоб прикраси збереглися якомога довше, дотримуйте інструкції:Зберігайте прикраси в сухому і темному місціЗнімайте прикраси перед сномЗберігайте прикраси окремо від прикрасз металевими елементами\r\nЗнімайте прикраси перед відвідуванням душа / ванни\r\nДля того, щоб прикраси зберігали яскравість довгий час, протирайте їх мікрофіброю', 2, 3, '38', 14),
(147, 'rings/8.jpg', '25x17mm', 'медична (гіпоалергенна) сталь, срібло або сріблення.', 'Щоб прикраси збереглися якомога довше, дотримуйте інструкції:Зберігайте прикраси в сухому і темному місціЗнімайте прикраси перед сномЗберігайте прикраси окремо від прикрасз металевими елементами\r\nЗнімайте прикраси перед відвідуванням душа / ванни\r\nДля того, щоб прикраси зберігали яскравість довгий час, протирайте їх мікрофіброю', 3, 3, '45', 43),
(148, 'earrings/9.jpg', '25x17mm', 'медична (гіпоалергенна) сталь, срібло або сріблення.', 'Щоб прикраси збереглися якомога довше, дотримуйте інструкції:Зберігайте прикраси в сухому і темному місціЗнімайте прикраси перед сномЗберігайте прикраси окремо від прикрасз металевими елементами\r\nЗнімайте прикраси перед відвідуванням душа / ванни\r\nДля того, щоб прикраси зберігали яскравість довгий час, протирайте їх мікрофіброю', 1, 1, '20', 7),
(149, 'rings/9.png', '25x17mm', 'медична (гіпоалергенна) сталь, срібло або сріблення.', 'Щоб прикраси збереглися якомога довше, дотримуйте інструкції:Зберігайте прикраси в сухому і темному місціЗнімайте прикраси перед сномЗберігайте прикраси окремо від прикрасз металевими елементами\r\nЗнімайте прикраси перед відвідуванням душа / ванни\r\nДля того, щоб прикраси зберігали яскравість довгий час, протирайте їх мікрофіброю', 3, 1, '27', 17),
(150, 'earrings/10.jpg', '25x17mm', 'медична (гіпоалергенна) сталь, срібло або сріблення.', 'Щоб прикраси збереглися якомога довше, дотримуйте інструкції:Зберігайте прикраси в сухому і темному місціЗнімайте прикраси перед сномЗберігайте прикраси окремо від прикрасз металевими елементами\r\nЗнімайте прикраси перед відвідуванням душа / ванни\r\nДля того, щоб прикраси зберігали яскравість довгий час, протирайте їх мікрофіброю', 1, 2, '23', 92),
(151, 'rings/10.jpg', '25x17mm', 'медична (гіпоалергенна) сталь, срібло або сріблення.', 'Щоб прикраси збереглися якомога довше, дотримуйте інструкції:Зберігайте прикраси в сухому і темному місціЗнімайте прикраси перед сномЗберігайте прикраси окремо від прикрасз металевими елементами\r\nЗнімайте прикраси перед відвідуванням душа / ванни\r\nДля того, щоб прикраси зберігали яскравість довгий час, протирайте їх мікрофіброю', 3, 2, '19', 2),
(152, 'earrings/11.jpg', '25x17mm', 'медична (гіпоалергенна) сталь, срібло або сріблення.', 'Щоб прикраси збереглися якомога довше, дотримуйте інструкції:Зберігайте прикраси в сухому і темному місціЗнімайте прикраси перед сномЗберігайте прикраси окремо від прикрасз металевими елементами\r\nЗнімайте прикраси перед відвідуванням душа / ванни\r\nДля того, щоб прикраси зберігали яскравість довгий час, протирайте їх мікрофіброю', 1, 3, '51', 2),
(153, 'rings/11.png', '25x17mm', 'медична (гіпоалергенна) сталь, срібло або сріблення.', 'Щоб прикраси збереглися якомога довше, дотримуйте інструкції:Зберігайте прикраси в сухому і темному місціЗнімайте прикраси перед сномЗберігайте прикраси окремо від прикрасз металевими елементами\r\nЗнімайте прикраси перед відвідуванням душа / ванни\r\nДля того, щоб прикраси зберігали яскравість довгий час, протирайте їх мікрофіброю', 3, 3, '22', 92),
(154, 'earrings/12.jpg', '25x17mm', 'медична (гіпоалергенна) сталь, срібло або сріблення.', 'Щоб прикраси збереглися якомога довше, дотримуйте інструкції:Зберігайте прикраси в сухому і темному місціЗнімайте прикраси перед сномЗберігайте прикраси окремо від прикрасз металевими елементами\r\nЗнімайте прикраси перед відвідуванням душа / ванни\r\nДля того, щоб прикраси зберігали яскравість довгий час, протирайте їх мікрофіброю', 1, 1, '25', 5),
(155, 'earrings/13.jpg', '25x17mm', 'медична (гіпоалергенна) сталь, срібло або сріблення.', 'Щоб прикраси збереглися якомога довше, дотримуйте інструкції:Зберігайте прикраси в сухому і темному місціЗнімайте прикраси перед сномЗберігайте прикраси окремо від прикрасз металевими елементами\r\nЗнімайте прикраси перед відвідуванням душа / ванни\r\nДля того, щоб прикраси зберігали яскравість довгий час, протирайте їх мікрофіброю', 1, 2, '42', 12),
(156, 'earrings/14.jpg', '25x17mm', 'медична (гіпоалергенна) сталь, срібло або сріблення.', 'Щоб прикраси збереглися якомога довше, дотримуйте інструкції:Зберігайте прикраси в сухому і темному місціЗнімайте прикраси перед сномЗберігайте прикраси окремо від прикрасз металевими елементами\r\nЗнімайте прикраси перед відвідуванням душа / ванни\r\nДля того, щоб прикраси зберігали яскравість довгий час, протирайте їх мікрофіброю', 1, 3, '44', 75),
(157, 'earrings/15.png', '25x17mm', 'медична (гіпоалергенна) сталь, срібло або сріблення.', 'Щоб прикраси збереглися якомога довше, дотримуйте інструкції:Зберігайте прикраси в сухому і темному місціЗнімайте прикраси перед сномЗберігайте прикраси окремо від прикрасз металевими елементами\r\nЗнімайте прикраси перед відвідуванням душа / ванни\r\nДля того, щоб прикраси зберігали яскравість довгий час, протирайте їх мікрофіброю', 1, 1, '37', 2),
(158, 'earrings/16.png', '25x17mm', 'медична (гіпоалергенна) сталь, срібло або сріблення.', 'Щоб прикраси збереглися якомога довше, дотримуйте інструкції:Зберігайте прикраси в сухому і темному місціЗнімайте прикраси перед сномЗберігайте прикраси окремо від прикрасз металевими елементами\r\nЗнімайте прикраси перед відвідуванням душа / ванни\r\nДля того, щоб прикраси зберігали яскравість довгий час, протирайте їх мікрофіброю', 1, 2, '37', 45);

-- --------------------------------------------------------

--
-- Структура таблицы `letters`
--

CREATE TABLE `letters` (
  `email` text DEFAULT NULL,
  `name` text DEFAULT NULL,
  `letter` text DEFAULT NULL
) ENGINE=InnoDB DEFAULT CHARSET=utf8mb4;

--
-- Дамп данных таблицы `letters`
--

INSERT INTO `letters` (`email`, `name`, `letter`) VALUES
('ff04zav@gmail.com', 'rrrrrrrrrrr', 'asddddddddddddddddddddddddddd');

-- --------------------------------------------------------

--
-- Структура таблицы `new_table`
--

CREATE TABLE `new_table` (
  `id` int(11) NOT NULL DEFAULT 0,
  `img` varchar(255) NOT NULL,
  `size` varchar(255) DEFAULT NULL,
  `furniture` varchar(255) DEFAULT NULL,
  `howtouse` text DEFAULT NULL,
  `category_id` int(11) DEFAULT NULL,
  `season_id` int(11) DEFAULT NULL,
  `price` varchar(255) DEFAULT NULL,
  `rand_id` int(11) DEFAULT NULL
) ENGINE=InnoDB DEFAULT CHARSET=utf8mb4;

--
-- Дамп данных таблицы `new_table`
--

INSERT INTO `new_table` (`id`, `img`, `size`, `furniture`, `howtouse`, `category_id`, `season_id`, `price`, `rand_id`) VALUES
(112, 'earrings/6.jpg', '25x17mm', 'медична (гіпоалергенна) сталь, срібло або сріблення.', 'Щоб прикраси збереглися якомога довше, дотримуйте інструкції:Зберігайте прикраси в сухому і темному місціЗнімайте прикраси перед сномЗберігайте прикраси окремо від прикрасз металевими елементами\r\nЗнімайте прикраси перед відвідуванням душа / ванни\r\nДля того, щоб прикраси зберігали яскравість довгий час, протирайте їх мікрофіброю', 1, 2, '27', 69),
(143, 'necklace/8.png', '25x17mm', 'медична (гіпоалергенна) сталь, срібло або сріблення.', 'Щоб прикраси збереглися якомога довше, дотримуйте інструкції:Зберігайте прикраси в сухому і темному місціЗнімайте прикраси перед сномЗберігайте прикраси окремо від прикрасз металевими елементами\r\nЗнімайте прикраси перед відвідуванням душа / ванни\r\nДля того, щоб прикраси зберігали яскравість довгий час, протирайте їх мікрофіброю', 2, 3, '44', 74),
(133, 'earrings/5.jpg', '25x17mm', 'медична (гіпоалергенна) сталь, срібло або сріблення.', 'Щоб прикраси збереглися якомога довше, дотримуйте інструкції:Зберігайте прикраси в сухому і темному місціЗнімайте прикраси перед сномЗберігайте прикраси окремо від прикрасз металевими елементами\r\nЗнімайте прикраси перед відвідуванням душа / ванни\r\nДля того, щоб прикраси зберігали яскравість довгий час, протирайте їх мікрофіброю', 1, 3, '52', 64),
(87, 'rings/5.jpg', '25x17mm', 'медична (гіпоалергенна) сталь, срібло або сріблення.', 'Щоб прикраси збереглися якомога довше, дотримуйте інструкції:Зберігайте прикраси в сухому і темному місціЗнімайте прикраси перед сномЗберігайте прикраси окремо від прикрасз металевими елементами\r\nЗнімайте прикраси перед відвідуванням душа / ванни\r\nДля того, щоб прикраси зберігали яскравість довгий час, протирайте їх мікрофіброю', 3, 1, '25', 98),
(128, 'necklace/3.jpg', '25x17mm', 'медична (гіпоалергенна) сталь, срібло або сріблення.', 'Щоб прикраси збереглися якомога довше, дотримуйте інструкції:Зберігайте прикраси в сухому і темному місціЗнімайте прикраси перед сномЗберігайте прикраси окремо від прикрасз металевими елементами\r\nЗнімайте прикраси перед відвідуванням душа / ванни\r\nДля того, щоб прикраси зберігали яскравість довгий час, протирайте їх мікрофіброю', 2, 3, '35', 0),
(88, 'earrings/6.jpg', '25x17mm', 'медична (гіпоалергенна) сталь, срібло або сріблення.', 'Щоб прикраси збереглися якомога довше, дотримуйте інструкції:Зберігайте прикраси в сухому і темному місціЗнімайте прикраси перед сномЗберігайте прикраси окремо від прикрасз металевими елементами\r\nЗнімайте прикраси перед відвідуванням душа / ванни\r\nДля того, щоб прикраси зберігали яскравість довгий час, протирайте їх мікрофіброю', 1, 1, '44', 4),
(75, 'rings/1.jpg', '25x17mm', 'медична (гіпоалергенна) сталь, срібло або сріблення.', 'Щоб прикраси збереглися якомога довше, дотримуйте інструкції:Зберігайте прикраси в сухому і темному місціЗнімайте прикраси перед сномЗберігайте прикраси окремо від прикрасз металевими елементами\r\nЗнімайте прикраси перед відвідуванням душа / ванни\r\nДля того, щоб прикраси зберігали яскравість довгий час, протирайте їх мікрофіброю', 3, 1, '39', 20),
(79, 'earrings/3.jpg', '25x17mm', 'медична (гіпоалергенна) сталь, срібло або сріблення.', 'Щоб прикраси збереглися якомога довше, дотримуйте інструкції:Зберігайте прикраси в сухому і темному місціЗнімайте прикраси перед сномЗберігайте прикраси окремо від прикрасз металевими елементами\r\nЗнімайте прикраси перед відвідуванням душа / ванни\r\nДля того, щоб прикраси зберігали яскравість довгий час, протирайте їх мікрофіброю', 1, 1, '19', 91),
(130, 'earrings/4.jpg', '25x17mm', 'медична (гіпоалергенна) сталь, срібло або сріблення.', 'Щоб прикраси збереглися якомога довше, дотримуйте інструкції:Зберігайте прикраси в сухому і темному місціЗнімайте прикраси перед сномЗберігайте прикраси окремо від прикрасз металевими елементами\r\nЗнімайте прикраси перед відвідуванням душа / ванни\r\nДля того, щоб прикраси зберігали яскравість довгий час, протирайте їх мікрофіброю', 1, 3, '18', 96),
(154, 'earrings/12.jpg', '25x17mm', 'медична (гіпоалергенна) сталь, срібло або сріблення.', 'Щоб прикраси збереглися якомога довше, дотримуйте інструкції:Зберігайте прикраси в сухому і темному місціЗнімайте прикраси перед сномЗберігайте прикраси окремо від прикрасз металевими елементами\r\nЗнімайте прикраси перед відвідуванням душа / ванни\r\nДля того, щоб прикраси зберігали яскравість довгий час, протирайте їх мікрофіброю', 1, 1, '25', 5),
(89, 'necklace/6.png', '25x17mm', 'медична (гіпоалергенна) сталь, срібло або сріблення.', 'Щоб прикраси збереглися якомога довше, дотримуйте інструкції:Зберігайте прикраси в сухому і темному місціЗнімайте прикраси перед сномЗберігайте прикраси окремо від прикрасз металевими елементами\r\nЗнімайте прикраси перед відвідуванням душа / ванни\r\nДля того, щоб прикраси зберігали яскравість довгий час, протирайте їх мікрофіброю', 2, 1, '49', 40),
(132, 'rings/4.jpg', '25x17mm', 'медична (гіпоалергенна) сталь, срібло або сріблення.', 'Щоб прикраси збереглися якомога довше, дотримуйте інструкції:Зберігайте прикраси в сухому і темному місціЗнімайте прикраси перед сномЗберігайте прикраси окремо від прикрасз металевими елементами\r\nЗнімайте прикраси перед відвідуванням душа / ванни\r\nДля того, щоб прикраси зберігали яскравість довгий час, протирайте їх мікрофіброю', 3, 3, '17', 84),
(151, 'rings/10.jpg', '25x17mm', 'медична (гіпоалергенна) сталь, срібло або сріблення.', 'Щоб прикраси збереглися якомога довше, дотримуйте інструкції:Зберігайте прикраси в сухому і темному місціЗнімайте прикраси перед сномЗберігайте прикраси окремо від прикрасз металевими елементами\r\nЗнімайте прикраси перед відвідуванням душа / ванни\r\nДля того, щоб прикраси зберігали яскравість довгий час, протирайте їх мікрофіброю', 3, 2, '19', 2),
(140, 'necklace/7.png', '25x17mm', 'медична (гіпоалергенна) сталь, срібло або сріблення.', 'Щоб прикраси збереглися якомога довше, дотримуйте інструкції:Зберігайте прикраси в сухому і темному місціЗнімайте прикраси перед сномЗберігайте прикраси окремо від прикрасз металевими елементами\r\nЗнімайте прикраси перед відвідуванням душа / ванни\r\nДля того, щоб прикраси зберігали яскравість довгий час, протирайте їх мікрофіброю', 2, 3, '17', 59),
(115, 'earrings/7.jpg', '25x17mm', 'медична (гіпоалергенна) сталь, срібло або сріблення.', 'Щоб прикраси збереглися якомога довше, дотримуйте інструкції:Зберігайте прикраси в сухому і темному місціЗнімайте прикраси перед сномЗберігайте прикраси окремо від прикрасз металевими елементами\r\nЗнімайте прикраси перед відвідуванням душа / ванни\r\nДля того, щоб прикраси зберігали яскравість довгий час, протирайте їх мікрофіброю', 1, 2, '15', 87),
(101, 'necklace/2.jpg', '25x17mm', 'медична (гіпоалергенна) сталь, срібло або сріблення.', 'Щоб прикраси збереглися якомога довше, дотримуйте інструкції:Зберігайте прикраси в сухому і темному місціЗнімайте прикраси перед сномЗберігайте прикраси окремо від прикрасз металевими елементами\r\nЗнімайте прикраси перед відвідуванням душа / ванни\r\nДля того, щоб прикраси зберігали яскравість довгий час, протирайте їх мікрофіброю', 2, 2, '17', 59),
(144, 'rings/8.jpg', '25x17mm', 'медична (гіпоалергенна) сталь, срібло або сріблення.', 'Щоб прикраси збереглися якомога довше, дотримуйте інструкції:Зберігайте прикраси в сухому і темному місціЗнімайте прикраси перед сномЗберігайте прикраси окремо від прикрасз металевими елементами\r\nЗнімайте прикраси перед відвідуванням душа / ванни\r\nДля того, щоб прикраси зберігали яскравість довгий час, протирайте їх мікрофіброю', 3, 3, '54', 34),
(85, 'earrings/5.jpg', '25x17mm', 'медична (гіпоалергенна) сталь, срібло або сріблення.', 'Щоб прикраси збереглися якомога довше, дотримуйте інструкції:Зберігайте прикраси в сухому і темному місціЗнімайте прикраси перед сномЗберігайте прикраси окремо від прикрасз металевими елементами\r\nЗнімайте прикраси перед відвідуванням душа / ванни\r\nДля того, щоб прикраси зберігали яскравість довгий час, протирайте їх мікрофіброю', 1, 1, '47', 96),
(138, 'rings/6.jpg', '25x17mm', 'медична (гіпоалергенна) сталь, срібло або сріблення.', 'Щоб прикраси збереглися якомога довше, дотримуйте інструкції:Зберігайте прикраси в сухому і темному місціЗнімайте прикраси перед сномЗберігайте прикраси окремо від прикрасз металевими елементами\r\nЗнімайте прикраси перед відвідуванням душа / ванни\r\nДля того, щоб прикраси зберігали яскравість довгий час, протирайте їх мікрофіброю', 3, 3, '32', 76),
(113, 'necklace/6.png', '25x17mm', 'медична (гіпоалергенна) сталь, срібло або сріблення.', 'Щоб прикраси збереглися якомога довше, дотримуйте інструкції:Зберігайте прикраси в сухому і темному місціЗнімайте прикраси перед сномЗберігайте прикраси окремо від прикрасз металевими елементами\r\nЗнімайте прикраси перед відвідуванням душа / ванни\r\nДля того, щоб прикраси зберігали яскравість довгий час, протирайте їх мікрофіброю', 2, 2, '23', 93),
(74, 'necklace/1.jpg', '25x17mm', 'медична (гіпоалергенна) сталь, срібло або сріблення.', 'Щоб прикраси збереглися якомога довше, дотримуйте інструкції:Зберігайте прикраси в сухому і темному місціЗнімайте прикраси перед сномЗберігайте прикраси окремо від прикрасз металевими елементами\r\nЗнімайте прикраси перед відвідуванням душа / ванни\r\nДля того, щоб прикраси зберігали яскравість довгий час, протирайте їх мікрофіброю', 2, 1, '44', 38),
(137, 'necklace/6.png', '25x17mm', 'медична (гіпоалергенна) сталь, срібло або сріблення.', 'Щоб прикраси збереглися якомога довше, дотримуйте інструкції:Зберігайте прикраси в сухому і темному місціЗнімайте прикраси перед сномЗберігайте прикраси окремо від прикрасз металевими елементами\r\nЗнімайте прикраси перед відвідуванням душа / ванни\r\nДля того, щоб прикраси зберігали яскравість довгий час, протирайте їх мікрофіброю', 2, 3, '54', 12),
(81, 'rings/3.jpg', '25x17mm', 'медична (гіпоалергенна) сталь, срібло або сріблення.', 'Щоб прикраси збереглися якомога довше, дотримуйте інструкції:Зберігайте прикраси в сухому і темному місціЗнімайте прикраси перед сномЗберігайте прикраси окремо від прикрасз металевими елементами\r\nЗнімайте прикраси перед відвідуванням душа / ванни\r\nДля того, щоб прикраси зберігали яскравість довгий час, протирайте їх мікрофіброю', 3, 1, '37', 47),
(82, 'earrings/4.jpg', '25x17mm', 'медична (гіпоалергенна) сталь, срібло або сріблення.', 'Щоб прикраси збереглися якомога довше, дотримуйте інструкції:Зберігайте прикраси в сухому і темному місціЗнімайте прикраси перед сномЗберігайте прикраси окремо від прикрасз металевими елементами\r\nЗнімайте прикраси перед відвідуванням душа / ванни\r\nДля того, щоб прикраси зберігали яскравість довгий час, протирайте їх мікрофіброю', 1, 1, '42', 97),
(91, 'earrings/7.jpg', '25x17mm', 'медична (гіпоалергенна) сталь, срібло або сріблення.', 'Щоб прикраси збереглися якомога довше, дотримуйте інструкції:Зберігайте прикраси в сухому і темному місціЗнімайте прикраси перед сномЗберігайте прикраси окремо від прикрасз металевими елементами\r\nЗнімайте прикраси перед відвідуванням душа / ванни\r\nДля того, щоб прикраси зберігали яскравість довгий час, протирайте їх мікрофіброю', 1, 1, '21', 47),
(92, 'necklace/7.png', '25x17mm', 'медична (гіпоалергенна) сталь, срібло або сріблення.', 'Щоб прикраси збереглися якомога довше, дотримуйте інструкції:Зберігайте прикраси в сухому і темному місціЗнімайте прикраси перед сномЗберігайте прикраси окремо від прикрасз металевими елементами\r\nЗнімайте прикраси перед відвідуванням душа / ванни\r\nДля того, щоб прикраси зберігали яскравість довгий час, протирайте їх мікрофіброю', 2, 1, '27', 43),
(156, 'earrings/14.jpg', '25x17mm', 'медична (гіпоалергенна) сталь, срібло або сріблення.', 'Щоб прикраси збереглися якомога довше, дотримуйте інструкції:Зберігайте прикраси в сухому і темному місціЗнімайте прикраси перед сномЗберігайте прикраси окремо від прикрасз металевими елементами\r\nЗнімайте прикраси перед відвідуванням душа / ванни\r\nДля того, щоб прикраси зберігали яскравість довгий час, протирайте їх мікрофіброю', 1, 3, '44', 75),
(109, 'earrings/5.jpg', '25x17mm', 'медична (гіпоалергенна) сталь, срібло або сріблення.', 'Щоб прикраси збереглися якомога довше, дотримуйте інструкції:Зберігайте прикраси в сухому і темному місціЗнімайте прикраси перед сномЗберігайте прикраси окремо від прикрасз металевими елементами\r\nЗнімайте прикраси перед відвідуванням душа / ванни\r\nДля того, щоб прикраси зберігали яскравість довгий час, протирайте їх мікрофіброю', 1, 2, '26', 45),
(152, 'earrings/11.jpg', '25x17mm', 'медична (гіпоалергенна) сталь, срібло або сріблення.', 'Щоб прикраси збереглися якомога довше, дотримуйте інструкції:Зберігайте прикраси в сухому і темному місціЗнімайте прикраси перед сномЗберігайте прикраси окремо від прикрасз металевими елементами\r\nЗнімайте прикраси перед відвідуванням душа / ванни\r\nДля того, щоб прикраси зберігали яскравість довгий час, протирайте їх мікрофіброю', 1, 3, '51', 2),
(102, 'rings/2.jpg', '25x17mm', 'медична (гіпоалергенна) сталь, срібло або сріблення.', 'Щоб прикраси збереглися якомога довше, дотримуйте інструкції:Зберігайте прикраси в сухому і темному місціЗнімайте прикраси перед сномЗберігайте прикраси окремо від прикрасз металевими елементами\r\nЗнімайте прикраси перед відвідуванням душа / ванни\r\nДля того, щоб прикраси зберігали яскравість довгий час, протирайте їх мікрофіброю', 3, 2, '36', 75),
(80, 'necklace/3.jpg', '25x17mm', 'медична (гіпоалергенна) сталь, срібло або сріблення.', 'Щоб прикраси збереглися якомога довше, дотримуйте інструкції:Зберігайте прикраси в сухому і темному місціЗнімайте прикраси перед сномЗберігайте прикраси окремо від прикрасз металевими елементами\r\nЗнімайте прикраси перед відвідуванням душа / ванни\r\nДля того, щоб прикраси зберігали яскравість довгий час, протирайте їх мікрофіброю', 2, 1, '30', 69),
(125, 'necklace/2.jpg', '25x17mm', 'медична (гіпоалергенна) сталь, срібло або сріблення.', 'Щоб прикраси збереглися якомога довше, дотримуйте інструкції:Зберігайте прикраси в сухому і темному місціЗнімайте прикраси перед сномЗберігайте прикраси окремо від прикрасз металевими елементами\r\nЗнімайте прикраси перед відвідуванням душа / ванни\r\nДля того, щоб прикраси зберігали яскравість довгий час, протирайте їх мікрофіброю', 2, 3, '34', 19),
(136, 'earrings/6.jpg', '25x17mm', 'медична (гіпоалергенна) сталь, срібло або сріблення.', 'Щоб прикраси збереглися якомога довше, дотримуйте інструкції:Зберігайте прикраси в сухому і темному місціЗнімайте прикраси перед сномЗберігайте прикраси окремо від прикрасз металевими елементами\r\nЗнімайте прикраси перед відвідуванням душа / ванни\r\nДля того, щоб прикраси зберігали яскравість довгий час, протирайте їх мікрофіброю', 1, 3, '34', 91),
(111, 'rings/5.jpg', '25x17mm', 'медична (гіпоалергенна) сталь, срібло або сріблення.', 'Щоб прикраси збереглися якомога довше, дотримуйте інструкції:Зберігайте прикраси в сухому і темному місціЗнімайте прикраси перед сномЗберігайте прикраси окремо від прикрасз металевими елементами\r\nЗнімайте прикраси перед відвідуванням душа / ванни\r\nДля того, щоб прикраси зберігали яскравість довгий час, протирайте їх мікрофіброю', 3, 2, '33', 96),
(148, 'earrings/9.jpg', '25x17mm', 'медична (гіпоалергенна) сталь, срібло або сріблення.', 'Щоб прикраси збереглися якомога довше, дотримуйте інструкції:Зберігайте прикраси в сухому і темному місціЗнімайте прикраси перед сномЗберігайте прикраси окремо від прикрасз металевими елементами\r\nЗнімайте прикраси перед відвідуванням душа / ванни\r\nДля того, щоб прикраси зберігали яскравість довгий час, протирайте їх мікрофіброю', 1, 1, '20', 7),
(90, 'rings/6.jpg', '25x17mm', 'медична (гіпоалергенна) сталь, срібло або сріблення.', 'Щоб прикраси збереглися якомога довше, дотримуйте інструкції:Зберігайте прикраси в сухому і темному місціЗнімайте прикраси перед сномЗберігайте прикраси окремо від прикрасз металевими елементами\r\nЗнімайте прикраси перед відвідуванням душа / ванни\r\nДля того, щоб прикраси зберігали яскравість довгий час, протирайте їх мікрофіброю', 3, 1, '21', 49),
(106, 'earrings/4.jpg', '25x17mm', 'медична (гіпоалергенна) сталь, срібло або сріблення.', 'Щоб прикраси збереглися якомога довше, дотримуйте інструкції:Зберігайте прикраси в сухому і темному місціЗнімайте прикраси перед сномЗберігайте прикраси окремо від прикрасз металевими елементами\r\nЗнімайте прикраси перед відвідуванням душа / ванни\r\nДля того, щоб прикраси зберігали яскравість довгий час, протирайте їх мікрофіброю', 1, 2, '28', 23),
(142, 'earrings/8.jpg', '25x17mm', 'медична (гіпоалергенна) сталь, срібло або сріблення.', 'Щоб прикраси збереглися якомога довше, дотримуйте інструкції:Зберігайте прикраси в сухому і темному місціЗнімайте прикраси перед сномЗберігайте прикраси окремо від прикрасз металевими елементами\r\nЗнімайте прикраси перед відвідуванням душа / ванни\r\nДля того, щоб прикраси зберігали яскравість довгий час, протирайте їх мікрофіброю', 1, 3, '24', 70),
(139, 'earrings/7.jpg', '25x17mm', 'медична (гіпоалергенна) сталь, срібло або сріблення.', 'Щоб прикраси збереглися якомога довше, дотримуйте інструкції:Зберігайте прикраси в сухому і темному місціЗнімайте прикраси перед сномЗберігайте прикраси окремо від прикрасз металевими елементами\r\nЗнімайте прикраси перед відвідуванням душа / ванни\r\nДля того, щоб прикраси зберігали яскравість довгий час, протирайте їх мікрофіброю', 1, 3, '26', 80),
(123, 'rings/1.jpg', '25x17mm', 'медична (гіпоалергенна) сталь, срібло або сріблення.', 'Щоб прикраси збереглися якомога довше, дотримуйте інструкції:Зберігайте прикраси в сухому і темному місціЗнімайте прикраси перед сномЗберігайте прикраси окремо від прикрасз металевими елементами\r\nЗнімайте прикраси перед відвідуванням душа / ванни\r\nДля того, щоб прикраси зберігали яскравість довгий час, протирайте їх мікрофіброю', 3, 3, '32', 90),
(135, 'rings/5.jpg', '25x17mm', 'медична (гіпоалергенна) сталь, срібло або сріблення.', 'Щоб прикраси збереглися якомога довше, дотримуйте інструкції:Зберігайте прикраси в сухому і темному місціЗнімайте прикраси перед сномЗберігайте прикраси окремо від прикрасз металевими елементами\r\nЗнімайте прикраси перед відвідуванням душа / ванни\r\nДля того, щоб прикраси зберігали яскравість довгий час, протирайте їх мікрофіброю', 3, 3, '47', 12),
(150, 'earrings/10.jpg', '25x17mm', 'медична (гіпоалергенна) сталь, срібло або сріблення.', 'Щоб прикраси збереглися якомога довше, дотримуйте інструкції:Зберігайте прикраси в сухому і темному місціЗнімайте прикраси перед сномЗберігайте прикраси окремо від прикрасз металевими елементами\r\nЗнімайте прикраси перед відвідуванням душа / ванни\r\nДля того, щоб прикраси зберігали яскравість довгий час, протирайте їх мікрофіброю', 1, 2, '23', 92),
(93, 'rings/7.png', '25x17mm', 'медична (гіпоалергенна) сталь, срібло або сріблення.', 'Щоб прикраси збереглися якомога довше, дотримуйте інструкції:Зберігайте прикраси в сухому і темному місціЗнімайте прикраси перед сномЗберігайте прикраси окремо від прикрасз металевими елементами\r\nЗнімайте прикраси перед відвідуванням душа / ванни\r\nДля того, щоб прикраси зберігали яскравість довгий час, протирайте їх мікрофіброю', 3, 1, '20', 23),
(108, 'rings/4.jpg', '25x17mm', 'медична (гіпоалергенна) сталь, срібло або сріблення.', 'Щоб прикраси збереглися якомога довше, дотримуйте інструкції:Зберігайте прикраси в сухому і темному місціЗнімайте прикраси перед сномЗберігайте прикраси окремо від прикрасз металевими елементами\r\nЗнімайте прикраси перед відвідуванням душа / ванни\r\nДля того, щоб прикраси зберігали яскравість довгий час, протирайте їх мікрофіброю', 3, 2, '24', 38),
(98, 'necklace/1.jpg', '25x17mm', 'медична (гіпоалергенна) сталь, срібло або сріблення.', 'Щоб прикраси збереглися якомога довше, дотримуйте інструкції:Зберігайте прикраси в сухому і темному місціЗнімайте прикраси перед сномЗберігайте прикраси окремо від прикрасз металевими елементами\r\nЗнімайте прикраси перед відвідуванням душа / ванни\r\nДля того, щоб прикраси зберігали яскравість довгий час, протирайте їх мікрофіброю', 2, 2, '41', 22),
(131, 'necklace/4.jpg', '25x17mm', 'медична (гіпоалергенна) сталь, срібло або сріблення.', 'Щоб прикраси збереглися якомога довше, дотримуйте інструкції:Зберігайте прикраси в сухому і темному місціЗнімайте прикраси перед сномЗберігайте прикраси окремо від прикрасз металевими елементами\r\nЗнімайте прикраси перед відвідуванням душа / ванни\r\nДля того, щоб прикраси зберігали яскравість довгий час, протирайте їх мікрофіброю', 2, 3, '33', 95),
(95, 'necklace/8.png', '25x17mm', 'медична (гіпоалергенна) сталь, срібло або сріблення.', 'Щоб прикраси збереглися якомога довше, дотримуйте інструкції:Зберігайте прикраси в сухому і темному місціЗнімайте прикраси перед сномЗберігайте прикраси окремо від прикрасз металевими елементами\r\nЗнімайте прикраси перед відвідуванням душа / ванни\r\nДля того, щоб прикраси зберігали яскравість довгий час, протирайте їх мікрофіброю', 2, 1, '16', 11),
(83, 'necklace/4.jpg', '25x17mm', 'медична (гіпоалергенна) сталь, срібло або сріблення.', 'Щоб прикраси збереглися якомога довше, дотримуйте інструкції:Зберігайте прикраси в сухому і темному місціЗнімайте прикраси перед сномЗберігайте прикраси окремо від прикрасз металевими елементами\r\nЗнімайте прикраси перед відвідуванням душа / ванни\r\nДля того, щоб прикраси зберігали яскравість довгий час, протирайте їх мікрофіброю', 2, 1, '46', 69),
(155, 'earrings/13.jpg', '25x17mm', 'медична (гіпоалергенна) сталь, срібло або сріблення.', 'Щоб прикраси збереглися якомога довше, дотримуйте інструкції:Зберігайте прикраси в сухому і темному місціЗнімайте прикраси перед сномЗберігайте прикраси окремо від прикрасз металевими елементами\r\nЗнімайте прикраси перед відвідуванням душа / ванни\r\nДля того, щоб прикраси зберігали яскравість довгий час, протирайте їх мікрофіброю', 1, 2, '42', 12),
(104, 'necklace/3.jpg', '25x17mm', 'медична (гіпоалергенна) сталь, срібло або сріблення.', 'Щоб прикраси збереглися якомога довше, дотримуйте інструкції:Зберігайте прикраси в сухому і темному місціЗнімайте прикраси перед сномЗберігайте прикраси окремо від прикрасз металевими елементами\r\nЗнімайте прикраси перед відвідуванням душа / ванни\r\nДля того, щоб прикраси зберігали яскравість довгий час, протирайте їх мікрофіброю', 2, 2, '51', 56),
(141, 'rings/7.png', '25x17mm', 'медична (гіпоалергенна) сталь, срібло або сріблення.', 'Щоб прикраси збереглися якомога довше, дотримуйте інструкції:Зберігайте прикраси в сухому і темному місціЗнімайте прикраси перед сномЗберігайте прикраси окремо від прикрасз металевими елементами\r\nЗнімайте прикраси перед відвідуванням душа / ванни\r\nДля того, щоб прикраси зберігали яскравість довгий час, протирайте їх мікрофіброю', 3, 3, '34', 45),
(121, 'earrings/1.jpg', '25x17mm', 'медична (гіпоалергенна) сталь, срібло або сріблення.', 'Щоб прикраси збереглися якомога довше, дотримуйте інструкції:Зберігайте прикраси в сухому і темному місціЗнімайте прикраси перед сномЗберігайте прикраси окремо від прикрасз металевими елементами\r\nЗнімайте прикраси перед відвідуванням душа / ванни\r\nДля того, щоб прикраси зберігали яскравість довгий час, протирайте їх мікрофіброю', 1, 3, '53', 56),
(158, 'earrings/16.png', '25x17mm', 'медична (гіпоалергенна) сталь, срібло або сріблення.', 'Щоб прикраси збереглися якомога довше, дотримуйте інструкції:Зберігайте прикраси в сухому і темному місціЗнімайте прикраси перед сномЗберігайте прикраси окремо від прикрасз металевими елементами\r\nЗнімайте прикраси перед відвідуванням душа / ванни\r\nДля того, щоб прикраси зберігали яскравість довгий час, протирайте їх мікрофіброю', 1, 2, '37', 45),
(120, 'rings/8.jpg', '25x17mm', 'медична (гіпоалергенна) сталь, срібло або сріблення.', 'Щоб прикраси збереглися якомога довше, дотримуйте інструкції:Зберігайте прикраси в сухому і темному місціЗнімайте прикраси перед сномЗберігайте прикраси окремо від прикрасз металевими елементами\r\nЗнімайте прикраси перед відвідуванням душа / ванни\r\nДля того, щоб прикраси зберігали яскравість довгий час, протирайте їх мікрофіброю', 3, 2, '32', 57),
(94, 'earrings/8.jpg', '25x17mm', 'медична (гіпоалергенна) сталь, срібло або сріблення.', 'Щоб прикраси збереглися якомога довше, дотримуйте інструкції:Зберігайте прикраси в сухому і темному місціЗнімайте прикраси перед сномЗберігайте прикраси окремо від прикрасз металевими елементами\r\nЗнімайте прикраси перед відвідуванням душа / ванни\r\nДля того, щоб прикраси зберігали яскравість довгий час, протирайте їх мікрофіброю', 1, 1, '42', 53),
(76, 'earrings/2.jpg', '25x17mm', 'медична (гіпоалергенна) сталь, срібло або сріблення.', 'Щоб прикраси збереглися якомога довше, дотримуйте інструкції:Зберігайте прикраси в сухому і темному місціЗнімайте прикраси перед сномЗберігайте прикраси окремо від прикрасз металевими елементами\r\nЗнімайте прикраси перед відвідуванням душа / ванни\r\nДля того, щоб прикраси зберігали яскравість довгий час, протирайте їх мікрофіброю', 1, 1, '50', 95),
(117, 'rings/7.png', '25x17mm', 'медична (гіпоалергенна) сталь, срібло або сріблення.', 'Щоб прикраси збереглися якомога довше, дотримуйте інструкції:Зберігайте прикраси в сухому і темному місціЗнімайте прикраси перед сномЗберігайте прикраси окремо від прикрасз металевими елементами\r\nЗнімайте прикраси перед відвідуванням душа / ванни\r\nДля того, щоб прикраси зберігали яскравість довгий час, протирайте їх мікрофіброю', 3, 2, '24', 13),
(129, 'rings/3.jpg', '25x17mm', 'медична (гіпоалергенна) сталь, срібло або сріблення.', 'Щоб прикраси збереглися якомога довше, дотримуйте інструкції:Зберігайте прикраси в сухому і темному місціЗнімайте прикраси перед сномЗберігайте прикраси окремо від прикрасз металевими елементами\r\nЗнімайте прикраси перед відвідуванням душа / ванни\r\nДля того, щоб прикраси зберігали яскравість довгий час, протирайте їх мікрофіброю', 3, 3, '27', 84),
(145, 'earrings/8.jpg', '25x17mm', 'медична (гіпоалергенна) сталь, срібло або сріблення.', 'Щоб прикраси збереглися якомога довше, дотримуйте інструкції:Зберігайте прикраси в сухому і темному місціЗнімайте прикраси перед сномЗберігайте прикраси окремо від прикрасз металевими елементами\r\nЗнімайте прикраси перед відвідуванням душа / ванни\r\nДля того, щоб прикраси зберігали яскравість довгий час, протирайте їх мікрофіброю', 1, 3, '43', 80),
(99, 'rings/1.jpg', '25x17mm', 'медична (гіпоалергенна) сталь, срібло або сріблення.', 'Щоб прикраси збереглися якомога довше, дотримуйте інструкції:Зберігайте прикраси в сухому і темному місціЗнімайте прикраси перед сномЗберігайте прикраси окремо від прикрасз металевими елементами\r\nЗнімайте прикраси перед відвідуванням душа / ванни\r\nДля того, щоб прикраси зберігали яскравість довгий час, протирайте їх мікрофіброю', 3, 2, '22', 48),
(157, 'earrings/15.png', '25x17mm', 'медична (гіпоалергенна) сталь, срібло або сріблення.', 'Щоб прикраси збереглися якомога довше, дотримуйте інструкції:Зберігайте прикраси в сухому і темному місціЗнімайте прикраси перед сномЗберігайте прикраси окремо від прикрасз металевими елементами\r\nЗнімайте прикраси перед відвідуванням душа / ванни\r\nДля того, щоб прикраси зберігали яскравість довгий час, протирайте їх мікрофіброю', 1, 1, '37', 2),
(73, 'earrings/1.jpg', '25x17mm', 'медична (гіпоалергенна) сталь, срібло або сріблення.', 'Щоб прикраси збереглися якомога довше, дотримуйте інструкції:Зберігайте прикраси в сухому і темному місціЗнімайте прикраси перед сномЗберігайте прикраси окремо від прикрасз металевими елементами\r\nЗнімайте прикраси перед відвідуванням душа / ванни\r\nДля того, щоб прикраси зберігали яскравість довгий час, протирайте їх мікрофіброю', 1, 1, '42', 64),
(149, 'rings/9.png', '25x17mm', 'медична (гіпоалергенна) сталь, срібло або сріблення.', 'Щоб прикраси збереглися якомога довше, дотримуйте інструкції:Зберігайте прикраси в сухому і темному місціЗнімайте прикраси перед сномЗберігайте прикраси окремо від прикрасз металевими елементами\r\nЗнімайте прикраси перед відвідуванням душа / ванни\r\nДля того, щоб прикраси зберігали яскравість довгий час, протирайте їх мікрофіброю', 3, 1, '27', 17),
(96, 'rings/8.jpg', '25x17mm', 'медична (гіпоалергенна) сталь, срібло або сріблення.', 'Щоб прикраси збереглися якомога довше, дотримуйте інструкції:Зберігайте прикраси в сухому і темному місціЗнімайте прикраси перед сномЗберігайте прикраси окремо від прикрасз металевими елементами\r\nЗнімайте прикраси перед відвідуванням душа / ванни\r\nДля того, щоб прикраси зберігали яскравість довгий час, протирайте їх мікрофіброю', 3, 1, '18', 91),
(107, 'necklace/4.jpg', '25x17mm', 'медична (гіпоалергенна) сталь, срібло або сріблення.', 'Щоб прикраси збереглися якомога довше, дотримуйте інструкції:Зберігайте прикраси в сухому і темному місціЗнімайте прикраси перед сномЗберігайте прикраси окремо від прикрасз металевими елементами\r\nЗнімайте прикраси перед відвідуванням душа / ванни\r\nДля того, щоб прикраси зберігали яскравість довгий час, протирайте їх мікрофіброю', 2, 2, '41', 5),
(86, 'necklace/5.png', '25x17mm', 'медична (гіпоалергенна) сталь, срібло або сріблення.', 'Щоб прикраси збереглися якомога довше, дотримуйте інструкції:Зберігайте прикраси в сухому і темному місціЗнімайте прикраси перед сномЗберігайте прикраси окремо від прикрасз металевими елементами\r\nЗнімайте прикраси перед відвідуванням душа / ванни\r\nДля того, щоб прикраси зберігали яскравість довгий час, протирайте їх мікрофіброю', 2, 1, '36', 53),
(84, 'rings/4.jpg', '25x17mm', 'медична (гіпоалергенна) сталь, срібло або сріблення.', 'Щоб прикраси збереглися якомога довше, дотримуйте інструкції:Зберігайте прикраси в сухому і темному місціЗнімайте прикраси перед сномЗберігайте прикраси окремо від прикрасз металевими елементами\r\nЗнімайте прикраси перед відвідуванням душа / ванни\r\nДля того, щоб прикраси зберігали яскравість довгий час, протирайте їх мікрофіброю', 3, 1, '48', 53),
(118, 'earrings/8.jpg', '25x17mm', 'медична (гіпоалергенна) сталь, срібло або сріблення.', 'Щоб прикраси збереглися якомога довше, дотримуйте інструкції:Зберігайте прикраси в сухому і темному місціЗнімайте прикраси перед сномЗберігайте прикраси окремо від прикрасз металевими елементами\r\nЗнімайте прикраси перед відвідуванням душа / ванни\r\nДля того, щоб прикраси зберігали яскравість довгий час, протирайте їх мікрофіброю', 1, 2, '24', 3),
(126, 'rings/2.jpg', '25x17mm', 'медична (гіпоалергенна) сталь, срібло або сріблення.', 'Щоб прикраси збереглися якомога довше, дотримуйте інструкції:Зберігайте прикраси в сухому і темному місціЗнімайте прикраси перед сномЗберігайте прикраси окремо від прикрасз металевими елементами\r\nЗнімайте прикраси перед відвідуванням душа / ванни\r\nДля того, щоб прикраси зберігали яскравість довгий час, протирайте їх мікрофіброю', 3, 3, '21', 57),
(119, 'necklace/8.png', '25x17mm', 'медична (гіпоалергенна) сталь, срібло або сріблення.', 'Щоб прикраси збереглися якомога довше, дотримуйте інструкції:Зберігайте прикраси в сухому і темному місціЗнімайте прикраси перед сномЗберігайте прикраси окремо від прикрасз металевими елементами\r\nЗнімайте прикраси перед відвідуванням душа / ванни\r\nДля того, щоб прикраси зберігали яскравість довгий час, протирайте їх мікрофіброю', 2, 2, '32', 77),
(146, 'necklace/8.png', '25x17mm', 'медична (гіпоалергенна) сталь, срібло або сріблення.', 'Щоб прикраси збереглися якомога довше, дотримуйте інструкції:Зберігайте прикраси в сухому і темному місціЗнімайте прикраси перед сномЗберігайте прикраси окремо від прикрасз металевими елементами\r\nЗнімайте прикраси перед відвідуванням душа / ванни\r\nДля того, щоб прикраси зберігали яскравість довгий час, протирайте їх мікрофіброю', 2, 3, '38', 14),
(110, 'necklace/5.png', '25x17mm', 'медична (гіпоалергенна) сталь, срібло або сріблення.', 'Щоб прикраси збереглися якомога довше, дотримуйте інструкції:Зберігайте прикраси в сухому і темному місціЗнімайте прикраси перед сномЗберігайте прикраси окремо від прикрасз металевими елементами\r\nЗнімайте прикраси перед відвідуванням душа / ванни\r\nДля того, щоб прикраси зберігали яскравість довгий час, протирайте їх мікрофіброю', 2, 2, '41', 40),
(116, 'necklace/7.png', '25x17mm', 'медична (гіпоалергенна) сталь, срібло або сріблення.', 'Щоб прикраси збереглися якомога довше, дотримуйте інструкції:Зберігайте прикраси в сухому і темному місціЗнімайте прикраси перед сномЗберігайте прикраси окремо від прикрасз металевими елементами\r\nЗнімайте прикраси перед відвідуванням душа / ванни\r\nДля того, щоб прикраси зберігали яскравість довгий час, протирайте їх мікрофіброю', 2, 2, '41', 59),
(100, 'earrings/2.jpg', '25x17mm', 'медична (гіпоалергенна) сталь, срібло або сріблення.', 'Щоб прикраси збереглися якомога довше, дотримуйте інструкції:Зберігайте прикраси в сухому і темному місціЗнімайте прикраси перед сномЗберігайте прикраси окремо від прикрасз металевими елементами\r\nЗнімайте прикраси перед відвідуванням душа / ванни\r\nДля того, щоб прикраси зберігали яскравість довгий час, протирайте їх мікрофіброю', 1, 2, '52', 75),
(127, 'earrings/3.jpg', '25x17mm', 'медична (гіпоалергенна) сталь, срібло або сріблення.', 'Щоб прикраси збереглися якомога довше, дотримуйте інструкції:Зберігайте прикраси в сухому і темному місціЗнімайте прикраси перед сномЗберігайте прикраси окремо від прикрасз металевими елементами\r\nЗнімайте прикраси перед відвідуванням душа / ванни\r\nДля того, щоб прикраси зберігали яскравість довгий час, протирайте їх мікрофіброю', 1, 3, '31', 1),
(103, 'earrings/3.jpg', '25x17mm', 'медична (гіпоалергенна) сталь, срібло або сріблення.', 'Щоб прикраси збереглися якомога довше, дотримуйте інструкції:Зберігайте прикраси в сухому і темному місціЗнімайте прикраси перед сномЗберігайте прикраси окремо від прикрасз металевими елементами\r\nЗнімайте прикраси перед відвідуванням душа / ванни\r\nДля того, щоб прикраси зберігали яскравість довгий час, протирайте їх мікрофіброю', 1, 2, '35', 77),
(124, 'earrings/2.jpg', '25x17mm', 'медична (гіпоалергенна) сталь, срібло або сріблення.', 'Щоб прикраси збереглися якомога довше, дотримуйте інструкції:Зберігайте прикраси в сухому і темному місціЗнімайте прикраси перед сномЗберігайте прикраси окремо від прикрасз металевими елементами\r\nЗнімайте прикраси перед відвідуванням душа / ванни\r\nДля того, щоб прикраси зберігали яскравість довгий час, протирайте їх мікрофіброю', 1, 3, '45', 84),
(97, 'earrings/1.jpg', '25x17mm', 'медична (гіпоалергенна) сталь, срібло або сріблення.', 'Щоб прикраси збереглися якомога довше, дотримуйте інструкції:Зберігайте прикраси в сухому і темному місціЗнімайте прикраси перед сномЗберігайте прикраси окремо від прикрасз металевими елементами\r\nЗнімайте прикраси перед відвідуванням душа / ванни\r\nДля того, щоб прикраси зберігали яскравість довгий час, протирайте їх мікрофіброю', 1, 2, '30', 91),
(134, 'necklace/5.png', '25x17mm', 'медична (гіпоалергенна) сталь, срібло або сріблення.', 'Щоб прикраси збереглися якомога довше, дотримуйте інструкції:Зберігайте прикраси в сухому і темному місціЗнімайте прикраси перед сномЗберігайте прикраси окремо від прикрасз металевими елементами\r\nЗнімайте прикраси перед відвідуванням душа / ванни\r\nДля того, щоб прикраси зберігали яскравість довгий час, протирайте їх мікрофіброю', 2, 3, '36', 3),
(147, 'rings/8.jpg', '25x17mm', 'медична (гіпоалергенна) сталь, срібло або сріблення.', 'Щоб прикраси збереглися якомога довше, дотримуйте інструкції:Зберігайте прикраси в сухому і темному місціЗнімайте прикраси перед сномЗберігайте прикраси окремо від прикрасз металевими елементами\r\nЗнімайте прикраси перед відвідуванням душа / ванни\r\nДля того, щоб прикраси зберігали яскравість довгий час, протирайте їх мікрофіброю', 3, 3, '45', 43),
(114, 'rings/6.jpg', '25x17mm', 'медична (гіпоалергенна) сталь, срібло або сріблення.', 'Щоб прикраси збереглися якомога довше, дотримуйте інструкції:Зберігайте прикраси в сухому і темному місціЗнімайте прикраси перед сномЗберігайте прикраси окремо від прикрасз металевими елементами\r\nЗнімайте прикраси перед відвідуванням душа / ванни\r\nДля того, щоб прикраси зберігали яскравість довгий час, протирайте їх мікрофіброю', 3, 2, '20', 4),
(153, 'rings/11.png', '25x17mm', 'медична (гіпоалергенна) сталь, срібло або сріблення.', 'Щоб прикраси збереглися якомога довше, дотримуйте інструкції:Зберігайте прикраси в сухому і темному місціЗнімайте прикраси перед сномЗберігайте прикраси окремо від прикрасз металевими елементами\r\nЗнімайте прикраси перед відвідуванням душа / ванни\r\nДля того, щоб прикраси зберігали яскравість довгий час, протирайте їх мікрофіброю', 3, 3, '22', 92),
(105, 'rings/3.jpg', '25x17mm', 'медична (гіпоалергенна) сталь, срібло або сріблення.', 'Щоб прикраси збереглися якомога довше, дотримуйте інструкції:Зберігайте прикраси в сухому і темному місціЗнімайте прикраси перед сномЗберігайте прикраси окремо від прикрасз металевими елементами\r\nЗнімайте прикраси перед відвідуванням душа / ванни\r\nДля того, щоб прикраси зберігали яскравість довгий час, протирайте їх мікрофіброю', 3, 2, '15', 51),
(77, 'necklace/2.jpg', '25x17mm', 'медична (гіпоалергенна) сталь, срібло або сріблення.', 'Щоб прикраси збереглися якомога довше, дотримуйте інструкції:Зберігайте прикраси в сухому і темному місціЗнімайте прикраси перед сномЗберігайте прикраси окремо від прикрасз металевими елементами\r\nЗнімайте прикраси перед відвідуванням душа / ванни\r\nДля того, щоб прикраси зберігали яскравість довгий час, протирайте їх мікрофіброю', 2, 1, '39', 77),
(78, 'rings/2.jpg', '25x17mm', 'медична (гіпоалергенна) сталь, срібло або сріблення.', 'Щоб прикраси збереглися якомога довше, дотримуйте інструкції:Зберігайте прикраси в сухому і темному місціЗнімайте прикраси перед сномЗберігайте прикраси окремо від прикрасз металевими елементами\r\nЗнімайте прикраси перед відвідуванням душа / ванни\r\nДля того, щоб прикраси зберігали яскравість довгий час, протирайте їх мікрофіброю', 3, 1, '30', 32),
(122, 'necklace/1.jpg', '25x17mm', 'медична (гіпоалергенна) сталь, срібло або сріблення.', 'Щоб прикраси збереглися якомога довше, дотримуйте інструкції:Зберігайте прикраси в сухому і темному місціЗнімайте прикраси перед сномЗберігайте прикраси окремо від прикрасз металевими елементами\r\nЗнімайте прикраси перед відвідуванням душа / ванни\r\nДля того, щоб прикраси зберігали яскравість довгий час, протирайте їх мікрофіброю', 2, 3, '33', 32);

-- --------------------------------------------------------

--
-- Структура таблицы `orders`
--

CREATE TABLE `orders` (
  `name` text DEFAULT NULL,
  `surname` text DEFAULT NULL,
  `phone` text DEFAULT NULL,
  `np` text DEFAULT NULL,
  `email` text DEFAULT NULL,
  `ordered_ids` text DEFAULT NULL
) ENGINE=InnoDB DEFAULT CHARSET=utf8mb4;

--
-- Дамп данных таблицы `orders`
--

INSERT INTO `orders` (`name`, `surname`, `phone`, `np`, `email`, `ordered_ids`) VALUES
('ff04zav@gmail.com', 'Наставництво DataLabs', 'Наставництво DataLabs', 'Наставництво DataLabs', 'Наставництво DataLabs', '75 74 92 ');

-- --------------------------------------------------------

--
-- Структура таблицы `seasons`
--

CREATE TABLE `seasons` (
  `id` int(11) NOT NULL,
  `season_name` varchar(255) DEFAULT NULL
) ENGINE=InnoDB DEFAULT CHARSET=utf8mb4;

--
-- Дамп данных таблицы `seasons`
--

INSERT INTO `seasons` (`id`, `season_name`) VALUES
(1, 'Літня колекція'),
(2, 'Осіння колекція'),
(3, 'Зимова колекція');

--
-- Индексы сохранённых таблиц
--

--
-- Индексы таблицы `categories`
--
ALTER TABLE `categories`
  ADD PRIMARY KEY (`id`);

--
-- Индексы таблицы `items`
--
ALTER TABLE `items`
  ADD PRIMARY KEY (`id`),
  ADD KEY `category_id` (`category_id`),
  ADD KEY `season_id` (`season_id`);

--
-- Индексы таблицы `seasons`
--
ALTER TABLE `seasons`
  ADD PRIMARY KEY (`id`);

--
-- AUTO_INCREMENT для сохранённых таблиц
--

--
-- AUTO_INCREMENT для таблицы `categories`
--
ALTER TABLE `categories`
  MODIFY `id` int(11) NOT NULL AUTO_INCREMENT, AUTO_INCREMENT=4;

--
-- AUTO_INCREMENT для таблицы `items`
--
ALTER TABLE `items`
  MODIFY `id` int(11) NOT NULL AUTO_INCREMENT, AUTO_INCREMENT=159;

--
-- AUTO_INCREMENT для таблицы `seasons`
--
ALTER TABLE `seasons`
  MODIFY `id` int(11) NOT NULL AUTO_INCREMENT, AUTO_INCREMENT=4;

--
-- Ограничения внешнего ключа сохраненных таблиц
--

--
-- Ограничения внешнего ключа таблицы `items`
--
ALTER TABLE `items`
  ADD CONSTRAINT `items_ibfk_1` FOREIGN KEY (`category_id`) REFERENCES `categories` (`id`),
  ADD CONSTRAINT `items_ibfk_2` FOREIGN KEY (`season_id`) REFERENCES `seasons` (`id`);
COMMIT;

/*!40101 SET CHARACTER_SET_CLIENT=@OLD_CHARACTER_SET_CLIENT */;
/*!40101 SET CHARACTER_SET_RESULTS=@OLD_CHARACTER_SET_RESULTS */;
/*!40101 SET COLLATION_CONNECTION=@OLD_COLLATION_CONNECTION */;
